library_name,slug,bookclub_rss_url
Allegheny County Libraries,acl,https://gateway.bibliocommons.com/v2/libraries/acl/rss/events?q=book%20club
Alameda County Library,aclibrary,https://gateway.bibliocommons.com/v2/libraries/aclibrary/rss/events?q=book%20club
Almont District Library,adl,https://gateway.bibliocommons.com/v2/libraries/adl/rss/events?q=book%20club
Alcona County Library,alcona,https://gateway.bibliocommons.com/v2/libraries/alcona/rss/events?q=book%20club
Allendale Township Library,allendale,https://gateway.bibliocommons.com/v2/libraries/allendale/rss/events?q=book%20club
House of Anansi Press,anansi,https://gateway.bibliocommons.com/v2/libraries/anansi/rss/events?q=book%20club
Anytown Public Library,any,https://gateway.bibliocommons.com/v2/libraries/any/rss/events?q=book%20club
Anytown Public Library,any-kids-2012,https://gateway.bibliocommons.com/v2/libraries/any-kids-2012/rss/events?q=book%20club
Anytown Public Library,any-src-2016,https://gateway.bibliocommons.com/v2/libraries/any-src-2016/rss/events?q=book%20club
Anytown Public Library,any-src-2017,https://gateway.bibliocommons.com/v2/libraries/any-src-2017/rss/events?q=book%20club
Anytown Public Library,any-teens-2012,https://gateway.bibliocommons.com/v2/libraries/any-teens-2012/rss/events?q=book%20club
Arapahoe Libraries,arapahoelibraries,https://gateway.bibliocommons.com/v2/libraries/arapahoelibraries/rss/events?q=book%20club
Arrowwood Municipal Library,arrowwood,https://gateway.bibliocommons.com/v2/libraries/arrowwood/rss/events?q=book%20club
Aurora Public Library,aurora,https://gateway.bibliocommons.com/v2/libraries/aurora/rss/events?q=book%20club
Austin Public Library,austin,https://gateway.bibliocommons.com/v2/libraries/austin/rss/events?q=book%20club
Barnwell Public Library,barnwell,https://gateway.bibliocommons.com/v2/libraries/barnwell/rss/events?q=book%20club
Barrie Public Library,barrie,https://gateway.bibliocommons.com/v2/libraries/barrie/rss/events?q=book%20club
Bay City Public School,bcc,https://gateway.bibliocommons.com/v2/libraries/bcc/rss/events?q=book%20club
Bay City T.L. Handy Library,bch,https://gateway.bibliocommons.com/v2/libraries/bch/rss/events?q=book%20club
Bay County Library System,bcls,https://gateway.bibliocommons.com/v2/libraries/bcls/rss/events?q=book%20club
Burlington County Library System,bclsnj,https://gateway.bibliocommons.com/v2/libraries/bclsnj/rss/events?q=book%20club
Bay City Western Media Center,bcw,https://gateway.bibliocommons.com/v2/libraries/bcw/rss/events?q=book%20club
Boyne District Library,bdl,https://gateway.bibliocommons.com/v2/libraries/bdl/rss/events?q=book%20club
Alvah N. Belding Memorial Library,belding,https://gateway.bibliocommons.com/v2/libraries/belding/rss/events?q=book%20club
Belleville Public Library,belleville,https://gateway.bibliocommons.com/v2/libraries/belleville/rss/events?q=book%20club
Bellingham Public Library,bellingham,https://gateway.bibliocommons.com/v2/libraries/bellingham/rss/events?q=book%20club
Bellingham Public Library,bellingham-adults-2014,https://gateway.bibliocommons.com/v2/libraries/bellingham-adults-2014/rss/events?q=book%20club
Bellingham Public Library,bellingham-teens-2014,https://gateway.bibliocommons.com/v2/libraries/bellingham-teens-2014/rss/events?q=book%20club
Beverly Hills Public Library,beverlyhills,https://gateway.bibliocommons.com/v2/libraries/beverlyhills/rss/events?q=book%20club
Boca Raton Public Library,bocalibrary,https://gateway.bibliocommons.com/v2/libraries/bocalibrary/rss/events?q=book%20club
Boston Public Library,boston-teens-2015,https://gateway.bibliocommons.com/v2/libraries/boston-teens-2015/rss/events?q=book%20club
Bowen Island Public Library,bowenlibrary,https://gateway.bibliocommons.com/v2/libraries/bowenlibrary/rss/events?q=book%20club
Boston Public Library,bpl-polaris,https://gateway.bibliocommons.com/v2/libraries/bpl-polaris/rss/events?q=book%20club
Boston Public Library,bpl-summer-2014,https://gateway.bibliocommons.com/v2/libraries/bpl-summer-2014/rss/events?q=book%20club
Boston Public Library,bpl-teens-2016,https://gateway.bibliocommons.com/v2/libraries/bpl-teens-2016/rss/events?q=book%20club
Bradford Public Library,bradford,https://gateway.bibliocommons.com/v2/libraries/bradford/rss/events?q=book%20club
County of Brant Public Library,brant,https://gateway.bibliocommons.com/v2/libraries/brant/rss/events?q=book%20club
Brantford Public Library,brantford,https://gateway.bibliocommons.com/v2/libraries/brantford/rss/events?q=book%20club
Brighton Public Library,brighton,https://gateway.bibliocommons.com/v2/libraries/brighton/rss/events?q=book%20club
Brockville Public Library,brockville,https://gateway.bibliocommons.com/v2/libraries/brockville/rss/events?q=book%20club
Brooklyn Public Library,brooklyn,https://gateway.bibliocommons.com/v2/libraries/brooklyn/rss/events?q=book%20club
Brooklyn Public Library,brooklyn-adults,https://gateway.bibliocommons.com/v2/libraries/brooklyn-adults/rss/events?q=book%20club
Brooklyn Public Library,brooklyn-adults-2013,https://gateway.bibliocommons.com/v2/libraries/brooklyn-adults-2013/rss/events?q=book%20club
Brooklyn Public Library,brooklyn-adults-2015,https://gateway.bibliocommons.com/v2/libraries/brooklyn-adults-2015/rss/events?q=book%20club
Brooklyn Public Library,brooklyn-kids,https://gateway.bibliocommons.com/v2/libraries/brooklyn-kids/rss/events?q=book%20club
Brooklyn Public Library,brooklyn-kids-2013,https://gateway.bibliocommons.com/v2/libraries/brooklyn-kids-2013/rss/events?q=book%20club
Brooklyn Public Library,brooklyn-kids-2015,https://gateway.bibliocommons.com/v2/libraries/brooklyn-kids-2015/rss/events?q=book%20club
Brooklyn Public Library,brooklyn-src-adults,https://gateway.bibliocommons.com/v2/libraries/brooklyn-src-adults/rss/events?q=book%20club
Brooklyn Public Library,brooklyn-src-kids,https://gateway.bibliocommons.com/v2/libraries/brooklyn-src-kids/rss/events?q=book%20club
Brooklyn Public Library,brooklyn-src-teens,https://gateway.bibliocommons.com/v2/libraries/brooklyn-src-teens/rss/events?q=book%20club
Brooklyn Public Library,brooklyn-teens,https://gateway.bibliocommons.com/v2/libraries/brooklyn-teens/rss/events?q=book%20club
Brooklyn Public Library,brooklyn-teens-2013,https://gateway.bibliocommons.com/v2/libraries/brooklyn-teens-2013/rss/events?q=book%20club
Brooklyn Public Library,brooklyn-teens-2015,https://gateway.bibliocommons.com/v2/libraries/brooklyn-teens-2015/rss/events?q=book%20club
Bruce County Public Library,brucecounty,https://gateway.bibliocommons.com/v2/libraries/brucecounty/rss/events?q=book%20club
Burlingame Public Library,burlingame,https://gateway.bibliocommons.com/v2/libraries/burlingame/rss/events?q=book%20club
Burlington Public Library,burlington,https://gateway.bibliocommons.com/v2/libraries/burlington/rss/events?q=book%20club
Burnaby Public Library,burnaby,https://gateway.bibliocommons.com/v2/libraries/burnaby/rss/events?q=book%20club
Caledon Public Library,caledon,https://gateway.bibliocommons.com/v2/libraries/caledon/rss/events?q=book%20club
Calgary Public Library,calgary,https://gateway.bibliocommons.com/v2/libraries/calgary/rss/events?q=book%20club
Central Arkansas Library System,cals,https://gateway.bibliocommons.com/v2/libraries/cals/rss/events?q=book%20club
Cambridge Public Library,cambridgepl,https://gateway.bibliocommons.com/v2/libraries/cambridgepl/rss/events?q=book%20club
Canton Public Library,cantonpl,https://gateway.bibliocommons.com/v2/libraries/cantonpl/rss/events?q=book%20club
Jim and Mary Kearl Library of Cardston,cardston,https://gateway.bibliocommons.com/v2/libraries/cardston/rss/events?q=book%20club
Carleton Place Public Library,carletonplace,https://gateway.bibliocommons.com/v2/libraries/carletonplace/rss/events?q=book%20club
Carmangay Municipal Library,carmangay,https://gateway.bibliocommons.com/v2/libraries/carmangay/rss/events?q=book%20club
Carmel Clay Public Library,carmel,https://gateway.bibliocommons.com/v2/libraries/carmel/rss/events?q=book%20club
Caro Area District Library,carolibrary,https://gateway.bibliocommons.com/v2/libraries/carolibrary/rss/events?q=book%20club
Carson City Public Library,carsoncity,https://gateway.bibliocommons.com/v2/libraries/carsoncity/rss/events?q=book%20club
Contra Costa County Library,ccclib,https://gateway.bibliocommons.com/v2/libraries/ccclib/rss/events?q=book%20club
Clark County Public Library,ccplohio,https://gateway.bibliocommons.com/v2/libraries/ccplohio/rss/events?q=book%20club
Cooperative Computer Services (Glenview Parent),ccsil-parent,https://gateway.bibliocommons.com/v2/libraries/ccsil-parent/rss/events?q=book%20club
Cooperative Computer Services,ccslib,https://gateway.bibliocommons.com/v2/libraries/ccslib/rss/events?q=book%20club
Community District Library,cdl,https://gateway.bibliocommons.com/v2/libraries/cdl/rss/events?q=book%20club
Cedar Springs Public Library,cedarsprings,https://gateway.bibliocommons.com/v2/libraries/cedarsprings/rss/events?q=book%20club
Champion Municipal Library,champion,https://gateway.bibliocommons.com/v2/libraries/champion/rss/events?q=book%20club
Chandler Public Library,chandler,https://gateway.bibliocommons.com/v2/libraries/chandler/rss/events?q=book%20club
Charlevoix Public Library,charlevoix,https://gateway.bibliocommons.com/v2/libraries/charlevoix/rss/events?q=book%20club
River Rapids District Library,che,https://gateway.bibliocommons.com/v2/libraries/che/rss/events?q=book%20club
Cheboygan Area Public Library,cheboygan,https://gateway.bibliocommons.com/v2/libraries/cheboygan/rss/events?q=book%20club
Chinook Arch Regional Library System,chinookarch,https://gateway.bibliocommons.com/v2/libraries/chinookarch/rss/events?q=book%20club
Chinook Arch Regional Library System,chinookarchparent,https://gateway.bibliocommons.com/v2/libraries/chinookarchparent/rss/events?q=book%20club
Chicago Public Library,chipublib,https://gateway.bibliocommons.com/v2/libraries/chipublib/rss/events?q=book%20club
Chapel Hill Public Library,chpl,https://gateway.bibliocommons.com/v2/libraries/chpl/rss/events?q=book%20club
Christchurch City Libraries NgÄ Kete WÄnanga o Åtautahi,christchurch,https://gateway.bibliocommons.com/v2/libraries/christchurch/rss/events?q=book%20club
Cincinnati & Hamilton County Public Library,cincinnatilibrary,https://gateway.bibliocommons.com/v2/libraries/cincinnatilibrary/rss/events?q=book%20club
Claresholm Public Library,claresholm,https://gateway.bibliocommons.com/v2/libraries/claresholm/rss/events?q=book%20club
Central Library Consortium,clc-parent,https://gateway.bibliocommons.com/v2/libraries/clc-parent/rss/events?q=book%20club
Cleveland County Library,clevelandcountylibrary,https://gateway.bibliocommons.com/v2/libraries/clevelandcountylibrary/rss/events?q=book%20club
Columbus Metropolitan Library,cml,https://gateway.bibliocommons.com/v2/libraries/cml/rss/events?q=book%20club
Charlotte Mecklenburg Library,cmlibrary,https://gateway.bibliocommons.com/v2/libraries/cmlibrary/rss/events?q=book%20club
Charlotte Mecklenburg Library,cmlibrary-horizon,https://gateway.bibliocommons.com/v2/libraries/cmlibrary-horizon/rss/events?q=book%20club
Coaldale Public Library,coaldale,https://gateway.bibliocommons.com/v2/libraries/coaldale/rss/events?q=book%20club
Coleman Area Library,col,https://gateway.bibliocommons.com/v2/libraries/col/rss/events?q=book%20club
Coopersville Area District Library,coopersville,https://gateway.bibliocommons.com/v2/libraries/coopersville/rss/events?q=book%20club
Coquitlam Public Library,coqlibrary,https://gateway.bibliocommons.com/v2/libraries/coqlibrary/rss/events?q=book%20club
Coronado Public Library,coronado,https://gateway.bibliocommons.com/v2/libraries/coronado/rss/events?q=book%20club
Lennox & Addington County,countylibrary,https://gateway.bibliocommons.com/v2/libraries/countylibrary/rss/events?q=book%20club
Coutts Municipal Library,coutts,https://gateway.bibliocommons.com/v2/libraries/coutts/rss/events?q=book%20club
Croton Township Library,croton,https://gateway.bibliocommons.com/v2/libraries/croton/rss/events?q=book%20club
Crowsnest Community Library,crowsnestpass,https://gateway.bibliocommons.com/v2/libraries/crowsnestpass/rss/events?q=book%20club
Crooked Tree District Library,ctdl,https://gateway.bibliocommons.com/v2/libraries/ctdl/rss/events?q=book%20club
Dallas County Library,dallascountylibrary,https://gateway.bibliocommons.com/v2/libraries/dallascountylibrary/rss/events?q=book%20club
Daly City Public Library,dalycity,https://gateway.bibliocommons.com/v2/libraries/dalycity/rss/events?q=book%20club
Dayton Metro Library,dayton,https://gateway.bibliocommons.com/v2/libraries/dayton/rss/events?q=book%20club
Dayton Metro Library (Consortium Parent),dayton-parent,https://gateway.bibliocommons.com/v2/libraries/dayton-parent/rss/events?q=book%20club
Daniel Boone Regional Library,dbrl,https://gateway.bibliocommons.com/v2/libraries/dbrl/rss/events?q=book%20club
Douglas County Libraries,dcl,https://gateway.bibliocommons.com/v2/libraries/dcl/rss/events?q=book%20club
Daviess County Public Library,dcpl,https://gateway.bibliocommons.com/v2/libraries/dcpl/rss/events?q=book%20club
Delaware County District Library,delawarelibrary,https://gateway.bibliocommons.com/v2/libraries/delawarelibrary/rss/events?q=book%20club
Delta College Library,delta,https://gateway.bibliocommons.com/v2/libraries/delta/rss/events?q=book%20club
Denton Public Library,denton,https://gateway.bibliocommons.com/v2/libraries/denton/rss/events?q=book%20club
Dorling Kindersley Publisher Library,dk,https://gateway.bibliocommons.com/v2/libraries/dk/rss/events?q=book%20club
Dorr Township Library,dorr,https://gateway.bibliocommons.com/v2/libraries/dorr/rss/events?q=book%20club
Deschutes Public Library,dpl,https://gateway.bibliocommons.com/v2/libraries/dpl/rss/events?q=book%20club
Dryden Township Library,dry,https://gateway.bibliocommons.com/v2/libraries/dry/rss/events?q=book%20club
Durham County Library,durhamcounty,https://gateway.bibliocommons.com/v2/libraries/durhamcounty/rss/events?q=book%20club
Durham County Library,durhamcounty-horizon,https://gateway.bibliocommons.com/v2/libraries/durhamcounty-horizon/rss/events?q=book%20club
East Chicago Public Library,ec,https://gateway.bibliocommons.com/v2/libraries/ec/rss/events?q=book%20club
ECW Press Publisher Library,ecw,https://gateway.bibliocommons.com/v2/libraries/ecw/rss/events?q=book%20club
East Gwillimbury Public Library,egpl,https://gateway.bibliocommons.com/v2/libraries/egpl/rss/events?q=book%20club
Elk Grove Village Public Library,egvpl,https://gateway.bibliocommons.com/v2/libraries/egvpl/rss/events?q=book%20club
EiNetwork,einetwork-parent,https://gateway.bibliocommons.com/v2/libraries/einetwork-parent/rss/events?q=book%20club
East Lansing Public Library,elpl,https://gateway.bibliocommons.com/v2/libraries/elpl/rss/events?q=book%20club
Edmonton Public Library,epl,https://gateway.bibliocommons.com/v2/libraries/epl/rss/events?q=book%20club
Edmonton Public Library,epl-acquisitions,https://gateway.bibliocommons.com/v2/libraries/epl-acquisitions/rss/events?q=book%20club
Edmonton Public Library,epl-kids-2012,https://gateway.bibliocommons.com/v2/libraries/epl-kids-2012/rss/events?q=book%20club
Edmonton Public Library,epl-kids-2015,https://gateway.bibliocommons.com/v2/libraries/epl-kids-2015/rss/events?q=book%20club
Edmonton Public Library,epl-src-kids,https://gateway.bibliocommons.com/v2/libraries/epl-src-kids/rss/events?q=book%20club
Edmonton Public Library,epl-src-teen,https://gateway.bibliocommons.com/v2/libraries/epl-src-teen/rss/events?q=book%20club
Edmonton Public Library,epl-summer-2014,https://gateway.bibliocommons.com/v2/libraries/epl-summer-2014/rss/events?q=book%20club
Edmonton Public Library,epl-teens-2012,https://gateway.bibliocommons.com/v2/libraries/epl-teens-2012/rss/events?q=book%20club
Evanston Public Library,evanstonlibrary,https://gateway.bibliocommons.com/v2/libraries/evanstonlibrary/rss/events?q=book%20club
Fennville District Library,fennville,https://gateway.bibliocommons.com/v2/libraries/fennville/rss/events?q=book%20club
Frankenmuth James E. Wickson District Library,fkm,https://gateway.bibliocommons.com/v2/libraries/fkm/rss/events?q=book%20club
Flat River Community Library,flatriver,https://gateway.bibliocommons.com/v2/libraries/flatriver/rss/events?q=book%20club
Town of Fort Macleod Public Library,fortmacleod,https://gateway.bibliocommons.com/v2/libraries/fortmacleod/rss/events?q=book%20club
Freeport District Library,freeport,https://gateway.bibliocommons.com/v2/libraries/freeport/rss/events?q=book%20club
Fremont Area District Library,fremont,https://gateway.bibliocommons.com/v2/libraries/fremont/rss/events?q=book%20club
Frisco Public Library,friscolibrary,https://gateway.bibliocommons.com/v2/libraries/friscolibrary/rss/events?q=book%20club
Fruitport District Library,fruitport,https://gateway.bibliocommons.com/v2/libraries/fruitport/rss/events?q=book%20club
Fort St John Public Library,fsjpl,https://gateway.bibliocommons.com/v2/libraries/fsjpl/rss/events?q=book%20club
Fort Saskatchewan Public Library,fspl,https://gateway.bibliocommons.com/v2/libraries/fspl/rss/events?q=book%20club
Fulton County Library System,fulcolibrary,https://gateway.bibliocommons.com/v2/libraries/fulcolibrary/rss/events?q=book%20club
Fraser Valley Regional Library,fvrl,https://gateway.bibliocommons.com/v2/libraries/fvrl/rss/events?q=book%20club
Fort Vancouver Regional Libraries,fvrlibraries,https://gateway.bibliocommons.com/v2/libraries/fvrlibraries/rss/events?q=book%20club
Gail Borden Public Library District,gailborden,https://gateway.bibliocommons.com/v2/libraries/gailborden/rss/events?q=book%20club
Gary Byker Memorial Library,garybyker,https://gateway.bibliocommons.com/v2/libraries/garybyker/rss/events?q=book%20club
Gladwin County District Library,gcdl,https://gateway.bibliocommons.com/v2/libraries/gcdl/rss/events?q=book%20club
Georgetown Township Public Library,georgetown,https://gateway.bibliocommons.com/v2/libraries/georgetown/rss/events?q=book%20club
Georgina Public Library,georgina,https://gateway.bibliocommons.com/v2/libraries/georgina/rss/events?q=book%20club
Gibsons & District Public Library,gibsons,https://gateway.bibliocommons.com/v2/libraries/gibsons/rss/events?q=book%20club
"Glendale Library, Arts & Culture",glac,https://gateway.bibliocommons.com/v2/libraries/glac/rss/events?q=book%20club
Glenview Public Library,glenviewpl,https://gateway.bibliocommons.com/v2/libraries/glenviewpl/rss/events?q=book%20club
Glenwood Municipal Library,glenwood,https://gateway.bibliocommons.com/v2/libraries/glenwood/rss/events?q=book%20club
Kent District Library - Godfrey Lee Schools,godfrey-lee,https://gateway.bibliocommons.com/v2/libraries/godfrey-lee/rss/events?q=book%20club
Grant Area District Library,grant,https://gateway.bibliocommons.com/v2/libraries/grant/rss/events?q=book%20club
Grant County Library,grantcountylibrary,https://gateway.bibliocommons.com/v2/libraries/grantcountylibrary/rss/events?q=book%20club
Granum Public Library,granum,https://gateway.bibliocommons.com/v2/libraries/granum/rss/events?q=book%20club
Grassy Lake Public Library,grassylake,https://gateway.bibliocommons.com/v2/libraries/grassylake/rss/events?q=book%20club
Greene County Public Library,greenelibrary,https://gateway.bibliocommons.com/v2/libraries/greenelibrary/rss/events?q=book%20club
Greenwich Library,greenwichlibrary,https://gateway.bibliocommons.com/v2/libraries/greenwichlibrary/rss/events?q=book%20club
Greystone Books Publisher Library,greystone,https://gateway.bibliocommons.com/v2/libraries/greystone/rss/events?q=book%20club
Grand Rapids Public Library,grpl,https://gateway.bibliocommons.com/v2/libraries/grpl/rss/events?q=book%20club
Greater Sudbury Public Library,gspl,https://gateway.bibliocommons.com/v2/libraries/gspl/rss/events?q=book%20club
Guelph Public Library,guelphpl,https://gateway.bibliocommons.com/v2/libraries/guelphpl/rss/events?q=book%20club
Hackley Public Library,hackley,https://gateway.bibliocommons.com/v2/libraries/hackley/rss/events?q=book%20club
Haldimand County Public Library,haldimand,https://gateway.bibliocommons.com/v2/libraries/haldimand/rss/events?q=book%20club
Haliburton County Public Library,haliburton,https://gateway.bibliocommons.com/v2/libraries/haliburton/rss/events?q=book%20club
Halifax Public Libraries,halifax,https://gateway.bibliocommons.com/v2/libraries/halifax/rss/events?q=book%20club
Harris Parent,harmonic-parent,https://gateway.bibliocommons.com/v2/libraries/harmonic-parent/rss/events?q=book%20club
Hastings Public Library,hastings,https://gateway.bibliocommons.com/v2/libraries/hastings/rss/events?q=book%20club
Hays Public Library,hays,https://gateway.bibliocommons.com/v2/libraries/hays/rss/events?q=book%20club
Hayward Public Library,hayward,https://gateway.bibliocommons.com/v2/libraries/hayward/rss/events?q=book%20club
Hennepin County Library,hclib,https://gateway.bibliocommons.com/v2/libraries/hclib/rss/events?q=book%20club
Harris County Public Library,hcpl,https://gateway.bibliocommons.com/v2/libraries/hcpl/rss/events?q=book%20club
Hillsborough County Public Library Cooperative,hcplc,https://gateway.bibliocommons.com/v2/libraries/hcplc/rss/events?q=book%20club
Harrison District Library,hdl,https://gateway.bibliocommons.com/v2/libraries/hdl/rss/events?q=book%20club
Henika District Library,henika,https://gateway.bibliocommons.com/v2/libraries/henika/rss/events?q=book%20club
Herrick District Library,herrickdl,https://gateway.bibliocommons.com/v2/libraries/herrickdl/rss/events?q=book%20club
Hesperia Community Library,hesperia,https://gateway.bibliocommons.com/v2/libraries/hesperia/rss/events?q=book%20club
Houghton Lake Public Library,hlpl,https://gateway.bibliocommons.com/v2/libraries/hlpl/rss/events?q=book%20club
Home Township Library,hometownship,https://gateway.bibliocommons.com/v2/libraries/hometownship/rss/events?q=book%20club
Hopkins District Library,hopkins,https://gateway.bibliocommons.com/v2/libraries/hopkins/rss/events?q=book%20club
Houston Public Library,houstonbc,https://gateway.bibliocommons.com/v2/libraries/houstonbc/rss/events?q=book%20club
Howard Miller Public Library,howardmiller,https://gateway.bibliocommons.com/v2/libraries/howardmiller/rss/events?q=book%20club
Hamilton Public Library,hpl,https://gateway.bibliocommons.com/v2/libraries/hpl/rss/events?q=book%20club
Huron County Library,huron,https://gateway.bibliocommons.com/v2/libraries/huron/rss/events?q=book%20club
Iosco-Arenac District Library,iadl,https://gateway.bibliocommons.com/v2/libraries/iadl/rss/events?q=book%20club
The Indianapolis Public Library,indypl,https://gateway.bibliocommons.com/v2/libraries/indypl/rss/events?q=book%20club
The Indianapolis Public Library,indypl-horizon,https://gateway.bibliocommons.com/v2/libraries/indypl-horizon/rss/events?q=book%20club
The Indianapolis Public Library,indypl-parent,https://gateway.bibliocommons.com/v2/libraries/indypl-parent/rss/events?q=book%20club
Kids' Catalog | The Indianapolis Public Library,indyplkids,https://gateway.bibliocommons.com/v2/libraries/indyplkids/rss/events?q=book%20club
The Indianapolis Public Library,indyplkids-horizon,https://gateway.bibliocommons.com/v2/libraries/indyplkids-horizon/rss/events?q=book%20club
InfoSoup,infosoup,https://gateway.bibliocommons.com/v2/libraries/infosoup/rss/events?q=book%20club
Innisfil Public Library,innisfil,https://gateway.bibliocommons.com/v2/libraries/innisfil/rss/events?q=book%20club
Ionia Community Library,ionia,https://gateway.bibliocommons.com/v2/libraries/ionia/rss/events?q=book%20club
Jersey City Free Public Library,jcfpl,https://gateway.bibliocommons.com/v2/libraries/jcfpl/rss/events?q=book%20club
Jefferson County Public Library,jeffcolibrary,https://gateway.bibliocommons.com/v2/libraries/jeffcolibrary/rss/events?q=book%20club
Johnson County Library,jocolibrary,https://gateway.bibliocommons.com/v2/libraries/jocolibrary/rss/events?q=book%20club
John McRae Secondary School,johnmccrae,https://gateway.bibliocommons.com/v2/libraries/johnmccrae/rss/events?q=book%20club
Kaslo & District Public Library,kaslo,https://gateway.bibliocommons.com/v2/libraries/kaslo/rss/events?q=book%20club
Kawartha Lakes Public Library,kawarthalibrary,https://gateway.bibliocommons.com/v2/libraries/kawarthalibrary/rss/events?q=book%20club
The Kansas City Public Library,kclibrary,https://gateway.bibliocommons.com/v2/libraries/kclibrary/rss/events?q=book%20club
King County Library System,kcls,https://gateway.bibliocommons.com/v2/libraries/kcls/rss/events?q=book%20club
Kent District Library,kdl,https://gateway.bibliocommons.com/v2/libraries/kdl/rss/events?q=book%20club
Kent District Library,kdl-parent,https://gateway.bibliocommons.com/v2/libraries/kdl-parent/rss/events?q=book%20club
Kenton County Public Library,kentonlibrary,https://gateway.bibliocommons.com/v2/libraries/kentonlibrary/rss/events?q=book%20club
King Township Public Library,king,https://gateway.bibliocommons.com/v2/libraries/king/rss/events?q=book%20club
Kitimat Public Library Association,kitimat,https://gateway.bibliocommons.com/v2/libraries/kitimat/rss/events?q=book%20club
Kitsap Regional Library,krl,https://gateway.bibliocommons.com/v2/libraries/krl/rss/events?q=book%20club
Lake County Library,lakecountyca,https://gateway.bibliocommons.com/v2/libraries/lakecountyca/rss/events?q=book%20club
Lake Odessa Community Library,lakeodessa,https://gateway.bibliocommons.com/v2/libraries/lakeodessa/rss/events?q=book%20club
Laurel County Public Library,laurellibrary,https://gateway.bibliocommons.com/v2/libraries/laurellibrary/rss/events?q=book%20club
Lawrence Public Library,lawrence,https://gateway.bibliocommons.com/v2/libraries/lawrence/rss/events?q=book%20club
Lapeer District Library,ldl,https://gateway.bibliocommons.com/v2/libraries/ldl/rss/events?q=book%20club
Leighton Township Library,leighton,https://gateway.bibliocommons.com/v2/libraries/leighton/rss/events?q=book%20club
Lethbridge Public Library,lethlib,https://gateway.bibliocommons.com/v2/libraries/lethlib/rss/events?q=book%20club
Central Rappahannock Regional Library,librarypoint,https://gateway.bibliocommons.com/v2/libraries/librarypoint/rss/events?q=book%20club
Central Rappahannock Regional Library,librarypoint-adults-2016,https://gateway.bibliocommons.com/v2/libraries/librarypoint-adults-2016/rss/events?q=book%20club
Central Rappahannock Regional Library,librarypoint-kids-2016,https://gateway.bibliocommons.com/v2/libraries/librarypoint-kids-2016/rss/events?q=book%20club
Central Rappahannock Regional Library,librarypoint-teens-2016,https://gateway.bibliocommons.com/v2/libraries/librarypoint-teens-2016/rss/events?q=book%20club
Lillooet Area Library Association,lillooet,https://gateway.bibliocommons.com/v2/libraries/lillooet/rss/events?q=book%20club
Livermore Public Library,livermorelibrary,https://gateway.bibliocommons.com/v2/libraries/livermorelibrary/rss/events?q=book%20club
Lakeland Library Cooperative,llc,https://gateway.bibliocommons.com/v2/libraries/llc/rss/events?q=book%20club
Lakeland Library Cooperative,llc-parent,https://gateway.bibliocommons.com/v2/libraries/llc-parent/rss/events?q=book%20club
Lomond Library,lomond,https://gateway.bibliocommons.com/v2/libraries/lomond/rss/events?q=book%20club
Loutit District Library,loutit,https://gateway.bibliocommons.com/v2/libraries/loutit/rss/events?q=book%20club
Local Public Library Partnership,lplp,https://gateway.bibliocommons.com/v2/libraries/lplp/rss/events?q=book%20club
Leeds and the Thousand Islands Public Library,lti,https://gateway.bibliocommons.com/v2/libraries/lti/rss/events?q=book%20club
Las Vegas-Clark County Library District,lvccld,https://gateway.bibliocommons.com/v2/libraries/lvccld/rss/events?q=book%20club
Mackinaw Area Public Library,mackinaw,https://gateway.bibliocommons.com/v2/libraries/mackinaw/rss/events?q=book%20club
Magrath Public Library,magrath,https://gateway.bibliocommons.com/v2/libraries/magrath/rss/events?q=book%20club
Malvern-Hot Spring County Library,malvernhsclibrary,https://gateway.bibliocommons.com/v2/libraries/malvernhsclibrary/rss/events?q=book%20club
Marlette District Library,mar,https://gateway.bibliocommons.com/v2/libraries/mar/rss/events?q=book%20club
Margate City Public Library,margate,https://gateway.bibliocommons.com/v2/libraries/margate/rss/events?q=book%20club
MARINet,marinet,https://gateway.bibliocommons.com/v2/libraries/marinet/rss/events?q=book%20club
MARINet,marinet-parent,https://gateway.bibliocommons.com/v2/libraries/marinet-parent/rss/events?q=book%20club
Marin County Free Library,marinlibrary,https://gateway.bibliocommons.com/v2/libraries/marinlibrary/rss/events?q=book%20club
Markham Public Library,markham,https://gateway.bibliocommons.com/v2/libraries/markham/rss/events?q=book%20club
Montmorency County Public Library,mcpl,https://gateway.bibliocommons.com/v2/libraries/mcpl/rss/events?q=book%20club
Menlo Park Library,menlopark,https://gateway.bibliocommons.com/v2/libraries/menlopark/rss/events?q=book%20club
MÃ©diathÃ¨que Francophone Emma Morrier,mfem,https://gateway.bibliocommons.com/v2/libraries/mfem/rss/events?q=book%20club
Mid-Ark Regional Library System,midark,https://gateway.bibliocommons.com/v2/libraries/midark/rss/events?q=book%20club
Mid-Ark Regional Library System,midark-parent,https://gateway.bibliocommons.com/v2/libraries/midark-parent/rss/events?q=book%20club
Mid Michigan College,midmich,https://gateway.bibliocommons.com/v2/libraries/midmich/rss/events?q=book%20club
Milk River Municipal Library,milkriver,https://gateway.bibliocommons.com/v2/libraries/milkriver/rss/events?q=book%20club
Milo Library,milo,https://gateway.bibliocommons.com/v2/libraries/milo/rss/events?q=book%20club
Mississauga Library,mississauga,https://gateway.bibliocommons.com/v2/libraries/mississauga/rss/events?q=book%20club
Mississippi Mills Public Library,missmills,https://gateway.bibliocommons.com/v2/libraries/missmills/rss/events?q=book%20club
Dr. MLK Academy,mlkacademy,https://gateway.bibliocommons.com/v2/libraries/mlkacademy/rss/events?q=book%20club
MORE Libraries,more,https://gateway.bibliocommons.com/v2/libraries/more/rss/events?q=book%20club
Multnomah County Library,multcolib,https://gateway.bibliocommons.com/v2/libraries/multcolib/rss/events?q=book%20club
Murrindindi Shire Council,murrindindi,https://gateway.bibliocommons.com/v2/libraries/murrindindi/rss/events?q=book%20club
Muskegon Area District Library,muskegonadl,https://gateway.bibliocommons.com/v2/libraries/muskegonadl/rss/events?q=book%20club
Kenosha Public Library,mykpl,https://gateway.bibliocommons.com/v2/libraries/mykpl/rss/events?q=book%20club
Mid-Continent Public Library,mymcpl,https://gateway.bibliocommons.com/v2/libraries/mymcpl/rss/events?q=book%20club
San Antonio Public Library,mysapl,https://gateway.bibliocommons.com/v2/libraries/mysapl/rss/events?q=book%20club
Nakusp Public Library,nakusp,https://gateway.bibliocommons.com/v2/libraries/nakusp/rss/events?q=book%20club
Nanton Thelma Fanning Library,nanton,https://gateway.bibliocommons.com/v2/libraries/nanton/rss/events?q=book%20club
"Napa County Library, Biblioteca del Condado de Napa",napalibrary,https://gateway.bibliocommons.com/v2/libraries/napalibrary/rss/events?q=book%20club
Napa County,napalibrary-parent,https://gateway.bibliocommons.com/v2/libraries/napalibrary-parent/rss/events?q=book%20club
Naperville Public Library,naperlib,https://gateway.bibliocommons.com/v2/libraries/naperlib/rss/events?q=book%20club
North Branch Township Library,nbr,https://gateway.bibliocommons.com/v2/libraries/nbr/rss/events?q=book%20club
Nelson Public Library,nelson,https://gateway.bibliocommons.com/v2/libraries/nelson/rss/events?q=book%20club
Newaygo Area District Library,newaygo,https://gateway.bibliocommons.com/v2/libraries/newaygo/rss/events?q=book%20club
Newmarket Public Library,newmarketpl,https://gateway.bibliocommons.com/v2/libraries/newmarketpl/rss/events?q=book%20club
New Westminster Public Library,newwestminster,https://gateway.bibliocommons.com/v2/libraries/newwestminster/rss/events?q=book%20club
North Grenville Public Library,ngpl,https://gateway.bibliocommons.com/v2/libraries/ngpl/rss/events?q=book%20club
Nicasio School,nicasioschool,https://gateway.bibliocommons.com/v2/libraries/nicasioschool/rss/events?q=book%20club
Northern Indiana Database Cluster,nidc-old,https://gateway.bibliocommons.com/v2/libraries/nidc-old/rss/events?q=book%20club
Northwood University,nor,https://gateway.bibliocommons.com/v2/libraries/nor/rss/events?q=book%20club
North Perth Public Library,nppl,https://gateway.bibliocommons.com/v2/libraries/nppl/rss/events?q=book%20club
Napa Valley College,nvc,https://gateway.bibliocommons.com/v2/libraries/nvc/rss/events?q=book%20club
North Vancouver City Library,nvcl,https://gateway.bibliocommons.com/v2/libraries/nvcl/rss/events?q=book%20club
The New York Public Library (Demo Site),nypl-demo,https://gateway.bibliocommons.com/v2/libraries/nypl-demo/rss/events?q=book%20club
New York Public Library,nypl-ed-off,https://gateway.bibliocommons.com/v2/libraries/nypl-ed-off/rss/events?q=book%20club
Oakland Public Library,oaklandlibrary,https://gateway.bibliocommons.com/v2/libraries/oaklandlibrary/rss/events?q=book%20club
Ocean City Free Public Library,oceancity,https://gateway.bibliocommons.com/v2/libraries/oceancity/rss/events?q=book%20club
Oxford County Library,ocl,https://gateway.bibliocommons.com/v2/libraries/ocl/rss/events?q=book%20club
Olathe Public Library,olathe,https://gateway.bibliocommons.com/v2/libraries/olathe/rss/events?q=book%20club
Ontario Library Consortium,olc-parent,https://gateway.bibliocommons.com/v2/libraries/olc-parent/rss/events?q=book%20club
Same Page Consortium,olca-parent,https://gateway.bibliocommons.com/v2/libraries/olca-parent/rss/events?q=book%20club
Omaha Public Library,omaha,https://gateway.bibliocommons.com/v2/libraries/omaha/rss/events?q=book%20club
Omaha Public Library,omaha-parent,https://gateway.bibliocommons.com/v2/libraries/omaha-parent/rss/events?q=book%20club
Omaha Public Library,omaha-parent-sierra,https://gateway.bibliocommons.com/v2/libraries/omaha-parent-sierra/rss/events?q=book%20club
Omaha Public Library,omaha-sierra,https://gateway.bibliocommons.com/v2/libraries/omaha-sierra/rss/events?q=book%20club
Oakville Public Library,opl,https://gateway.bibliocommons.com/v2/libraries/opl/rss/events?q=book%20club
Orange County Public Library,orangecountync,https://gateway.bibliocommons.com/v2/libraries/orangecountync/rss/events?q=book%20club
Orangeville Public Library,orangeville,https://gateway.bibliocommons.com/v2/libraries/orangeville/rss/events?q=book%20club
Okanagan Regional Library,orl,https://gateway.bibliocommons.com/v2/libraries/orl/rss/events?q=book%20club
Oshawa Public Libraries,oshlib,https://gateway.bibliocommons.com/v2/libraries/oshlib/rss/events?q=book%20club
Owen Sound & North Grey Union Public Library,osngupl,https://gateway.bibliocommons.com/v2/libraries/osngupl/rss/events?q=book%20club
Otsego County Library,otsego,https://gateway.bibliocommons.com/v2/libraries/otsego/rss/events?q=book%20club
Ottawa Public Library,ottawa,https://gateway.bibliocommons.com/v2/libraries/ottawa/rss/events?q=book%20club
Ottawa Public Library,ottawa-parent,https://gateway.bibliocommons.com/v2/libraries/ottawa-parent/rss/events?q=book%20club
Ottawa Public Library,ottawa-schools,https://gateway.bibliocommons.com/v2/libraries/ottawa-schools/rss/events?q=book%20club
Ottawa Public Library,ottawa-summer-2014,https://gateway.bibliocommons.com/v2/libraries/ottawa-summer-2014/rss/events?q=book%20club
Ottawa Public Library,ottawa-teens-2012,https://gateway.bibliocommons.com/v2/libraries/ottawa-teens-2012/rss/events?q=book%20club
Ottawa Public Library,ottawa-teens-2013,https://gateway.bibliocommons.com/v2/libraries/ottawa-teens-2013/rss/events?q=book%20club
Ottawa Public Library,ottawa-teens-2015,https://gateway.bibliocommons.com/v2/libraries/ottawa-teens-2015/rss/events?q=book%20club
Ottawa Public Library,ottawa-teens-2016,https://gateway.bibliocommons.com/v2/libraries/ottawa-teens-2016/rss/events?q=book%20club
PAC2,pac2,https://gateway.bibliocommons.com/v2/libraries/pac2/rss/events?q=book%20club
Palo Alto City Library,paloalto,https://gateway.bibliocommons.com/v2/libraries/paloalto/rss/events?q=book%20club
Patmos Library,patmos,https://gateway.bibliocommons.com/v2/libraries/patmos/rss/events?q=book%20club
Palm Beach County Library System,pbclibrary,https://gateway.bibliocommons.com/v2/libraries/pbclibrary/rss/events?q=book%20club
Stratford Public Library,pcin,https://gateway.bibliocommons.com/v2/libraries/pcin/rss/events?q=book%20club
County of Prince Edward Public Library & Archives,pec,https://gateway.bibliocommons.com/v2/libraries/pec/rss/events?q=book%20club
Pemberton Public Library,pemberton,https://gateway.bibliocommons.com/v2/libraries/pemberton/rss/events?q=book%20club
Penguin Books Publisher Library,penguin,https://gateway.bibliocommons.com/v2/libraries/penguin/rss/events?q=book%20club
Perth East Public Library,pepl,https://gateway.bibliocommons.com/v2/libraries/pepl/rss/events?q=book%20club
Perth East Public Library,pepl-src-kids,https://gateway.bibliocommons.com/v2/libraries/pepl-src-kids/rss/events?q=book%20club
Petawawa Public Library,petawawa,https://gateway.bibliocommons.com/v2/libraries/petawawa/rss/events?q=book%20club
Petoskey District Library,petoskey,https://gateway.bibliocommons.com/v2/libraries/petoskey/rss/events?q=book%20club
Pigeon District Library,pgn,https://gateway.bibliocommons.com/v2/libraries/pgn/rss/events?q=book%20club
Pickering Public Library,pickering,https://gateway.bibliocommons.com/v2/libraries/pickering/rss/events?q=book%20club
Pickering Public Library,pickering-kids-2012,https://gateway.bibliocommons.com/v2/libraries/pickering-kids-2012/rss/events?q=book%20club
Pickering Public Library,pickering-src-kids,https://gateway.bibliocommons.com/v2/libraries/pickering-src-kids/rss/events?q=book%20club
Picture Butte Municipal Library,picturebutte,https://gateway.bibliocommons.com/v2/libraries/picturebutte/rss/events?q=book%20club
Presque Isle District Library,pidl,https://gateway.bibliocommons.com/v2/libraries/pidl/rss/events?q=book%20club
Pima County Public Library,pima,https://gateway.bibliocommons.com/v2/libraries/pima/rss/events?q=book%20club
Pincher Creek Municipal Library,pinchercreek,https://gateway.bibliocommons.com/v2/libraries/pinchercreek/rss/events?q=book%20club
Pleasanton Public Library,pleasantonlibrary,https://gateway.bibliocommons.com/v2/libraries/pleasantonlibrary/rss/events?q=book%20club
Peninsula Library System,pls-parent,https://gateway.bibliocommons.com/v2/libraries/pls-parent/rss/events?q=book%20club
Public Library of Youngstown and Mahoning County,plymc,https://gateway.bibliocommons.com/v2/libraries/plymc/rss/events?q=book%20club
Plymouth District Library,plymouthlibrary,https://gateway.bibliocommons.com/v2/libraries/plymouthlibrary/rss/events?q=book%20club
Pere Marquette District Library,pmdl,https://gateway.bibliocommons.com/v2/libraries/pmdl/rss/events?q=book%20club
Port Hope Public Library,porthope,https://gateway.bibliocommons.com/v2/libraries/porthope/rss/events?q=book%20club
Port Moody Public Library,portmoody,https://gateway.bibliocommons.com/v2/libraries/portmoody/rss/events?q=book%20club
Poudre Libraries,poudrelibraries,https://gateway.bibliocommons.com/v2/libraries/poudrelibraries/rss/events?q=book%20club
Powell River Public Library,powellriverlibrary,https://gateway.bibliocommons.com/v2/libraries/powellriverlibrary/rss/events?q=book%20club
Princeton Public Library,princetonlibrary,https://gateway.bibliocommons.com/v2/libraries/princetonlibrary/rss/events?q=book%20club
Quinte West Public Library,quintewest,https://gateway.bibliocommons.com/v2/libraries/quintewest/rss/events?q=book%20club
Random House Group Publisher Library,random-house,https://gateway.bibliocommons.com/v2/libraries/random-house/rss/events?q=book%20club
Raymond Public Library,raymond,https://gateway.bibliocommons.com/v2/libraries/raymond/rss/events?q=book%20club
Ramsey County Library,rclreads,https://gateway.bibliocommons.com/v2/libraries/rclreads/rss/events?q=book%20club
Redwood City Public Library,rcpl,https://gateway.bibliocommons.com/v2/libraries/rcpl/rss/events?q=book%20club
Red Deer Public Library,rdpl,https://gateway.bibliocommons.com/v2/libraries/rdpl/rss/events?q=book%20club
Richmond Hill Public Library,rhpl,https://gateway.bibliocommons.com/v2/libraries/rhpl/rss/events?q=book%20club
Richmond Public Library,richmondlibrary,https://gateway.bibliocommons.com/v2/libraries/richmondlibrary/rss/events?q=book%20club
Rideau Lakes Public Library,rideau,https://gateway.bibliocommons.com/v2/libraries/rideau/rss/events?q=book%20club
Rossland Public Library,rossland,https://gateway.bibliocommons.com/v2/libraries/rossland/rss/events?q=book%20club
Ruth Hughes Memorial District Library,ruthhughes,https://gateway.bibliocommons.com/v2/libraries/ruthhughes/rss/events?q=book%20club
Region of Waterloo Library,rwlibrary,https://gateway.bibliocommons.com/v2/libraries/rwlibrary/rss/events?q=book%20club
Salem Township Library,salem,https://gateway.bibliocommons.com/v2/libraries/salem/rss/events?q=book%20club
Saline County Library,salinecountylibrary,https://gateway.bibliocommons.com/v2/libraries/salinecountylibrary/rss/events?q=book%20club
Annapolis Valley Regional Library,samepageavrl,https://gateway.bibliocommons.com/v2/libraries/samepageavrl/rss/events?q=book%20club
Cape Breton Regional Library,samepagecbrl,https://gateway.bibliocommons.com/v2/libraries/samepagecbrl/rss/events?q=book%20club
Colchester East Hants Public Library,samepagecehpl,https://gateway.bibliocommons.com/v2/libraries/samepagecehpl/rss/events?q=book%20club
Cumberland Public Libraries,samepagecpl,https://gateway.bibliocommons.com/v2/libraries/samepagecpl/rss/events?q=book%20club
Eastern Counties Regional Library,samepageecrl,https://gateway.bibliocommons.com/v2/libraries/samepageecrl/rss/events?q=book%20club
Pictou-Antigonish Regional Library,samepageparl,https://gateway.bibliocommons.com/v2/libraries/samepageparl/rss/events?q=book%20club
South Shore Public Libraries,samepagesspl,https://gateway.bibliocommons.com/v2/libraries/samepagesspl/rss/events?q=book%20club
Western Counties Regional Library,samepagewcrl,https://gateway.bibliocommons.com/v2/libraries/samepagewcrl/rss/events?q=book%20club
Sandusky District Library,san,https://gateway.bibliocommons.com/v2/libraries/san/rss/events?q=book%20club
San Diego Public Library,sandiego,https://gateway.bibliocommons.com/v2/libraries/sandiego/rss/events?q=book%20club
Saranac Clarksville District Library,saranac-clarksville,https://gateway.bibliocommons.com/v2/libraries/saranac-clarksville/rss/events?q=book%20club
Saugatuck-Douglas District Library,saugatuck-douglas,https://gateway.bibliocommons.com/v2/libraries/saugatuck-douglas/rss/events?q=book%20club
San Bruno Public Library,sbl,https://gateway.bibliocommons.com/v2/libraries/sbl/rss/events?q=book%20club
Solano Community College,scc,https://gateway.bibliocommons.com/v2/libraries/scc/rss/events?q=book%20club
Santa Clara County Library,sccl,https://gateway.bibliocommons.com/v2/libraries/sccl/rss/events?q=book%20club
Santa Clara County Library,sccl-adult-src,https://gateway.bibliocommons.com/v2/libraries/sccl-adult-src/rss/events?q=book%20club
Santa Clara County Library,sccl-src-adults,https://gateway.bibliocommons.com/v2/libraries/sccl-src-adults/rss/events?q=book%20club
Santa Clara County Library,sccl-src-kids,https://gateway.bibliocommons.com/v2/libraries/sccl-src-kids/rss/events?q=book%20club
Santa Clara County Library,sccl-src-teens,https://gateway.bibliocommons.com/v2/libraries/sccl-src-teens/rss/events?q=book%20club
Strathcona County Library,scl,https://gateway.bibliocommons.com/v2/libraries/scl/rss/events?q=book%20club
Santa Clara City Library,sclibrary,https://gateway.bibliocommons.com/v2/libraries/sclibrary/rss/events?q=book%20club
San Diego County Library,sdcl,https://gateway.bibliocommons.com/v2/libraries/sdcl/rss/events?q=book%20club
SDG Library,sdglibrary,https://gateway.bibliocommons.com/v2/libraries/sdglibrary/rss/events?q=book%20club
The Seattle Public Library,seattle,https://gateway.bibliocommons.com/v2/libraries/seattle/rss/events?q=book%20club
The Seattle Public Library,seattle-adults-2013,https://gateway.bibliocommons.com/v2/libraries/seattle-adults-2013/rss/events?q=book%20club
The Seattle Public Library,seattle-src-adults,https://gateway.bibliocommons.com/v2/libraries/seattle-src-adults/rss/events?q=book%20club
The Seattle Public Library,seattle-src-kids,https://gateway.bibliocommons.com/v2/libraries/seattle-src-kids/rss/events?q=book%20club
The Seattle Public Library,seattle-src-teens,https://gateway.bibliocommons.com/v2/libraries/seattle-src-teens/rss/events?q=book%20club
The Seattle Public Library,seattle-summer-2014,https://gateway.bibliocommons.com/v2/libraries/seattle-summer-2014/rss/events?q=book%20club
The Seattle Public Library,seattle-teens-2013,https://gateway.bibliocommons.com/v2/libraries/seattle-teens-2013/rss/events?q=book%20club
San Francisco Public Library,sfpl,https://gateway.bibliocommons.com/v2/libraries/sfpl/rss/events?q=book%20club
San Francisco Public Library,sfpl-adults-2015,https://gateway.bibliocommons.com/v2/libraries/sfpl-adults-2015/rss/events?q=book%20club
San Francisco Public Library,sfpl-kids-2015,https://gateway.bibliocommons.com/v2/libraries/sfpl-kids-2015/rss/events?q=book%20club
San Francisco Public Library,sfpl-teens-2015,https://gateway.bibliocommons.com/v2/libraries/sfpl-teens-2015/rss/events?q=book%20club
Public Libraries of Saginaw,sge,https://gateway.bibliocommons.com/v2/libraries/sge/rss/events?q=book%20club
Shortgrass Library System,shortgrass,https://gateway.bibliocommons.com/v2/libraries/shortgrass/rss/events?q=book%20club
St Helena Public Library,shpl,https://gateway.bibliocommons.com/v2/libraries/shpl/rss/events?q=book%20club
Oakville Public Library,simon-schuster-bd,https://gateway.bibliocommons.com/v2/libraries/simon-schuster-bd/rss/events?q=book%20club
Sitka Library,sitka,https://gateway.bibliocommons.com/v2/libraries/sitka/rss/events?q=book%20club
St. Joseph County Public Library,sjcpl,https://gateway.bibliocommons.com/v2/libraries/sjcpl/rss/events?q=book%20club
San JosÃ© Public Library,sjpl,https://gateway.bibliocommons.com/v2/libraries/sjpl/rss/events?q=book%20club
Skokie Public Library,skokielibrary,https://gateway.bibliocommons.com/v2/libraries/skokielibrary/rss/events?q=book%20club
St. Louis Public Library - City,slpl,https://gateway.bibliocommons.com/v2/libraries/slpl/rss/events?q=book%20club
St. Louis Public Library,slpl-parent,https://gateway.bibliocommons.com/v2/libraries/slpl-parent/rss/events?q=book%20club
San Mateo County Libraries,smcl,https://gateway.bibliocommons.com/v2/libraries/smcl/rss/events?q=book%20club
Smithers Public Library,smithers,https://gateway.bibliocommons.com/v2/libraries/smithers/rss/events?q=book%20club
San Mateo Public Library,smplibrary,https://gateway.bibliocommons.com/v2/libraries/smplibrary/rss/events?q=book%20club
Sno-Isle Libraries,sno-isle,https://gateway.bibliocommons.com/v2/libraries/sno-isle/rss/events?q=book%20club
Sonoma County Library,sonoma,https://gateway.bibliocommons.com/v2/libraries/sonoma/rss/events?q=book%20club
Sonoma County Library,sonoma-parent,https://gateway.bibliocommons.com/v2/libraries/sonoma-parent/rss/events?q=book%20club
Sparta Carnegie Township Library,spartacarnegie,https://gateway.bibliocommons.com/v2/libraries/spartacarnegie/rss/events?q=book%20club
Stratford Public Library,spl,https://gateway.bibliocommons.com/v2/libraries/spl/rss/events?q=book%20club
Stratford Public Library,spl-kids-2012,https://gateway.bibliocommons.com/v2/libraries/spl-kids-2012/rss/events?q=book%20club
Saint Paul Public Library,sppl,https://gateway.bibliocommons.com/v2/libraries/sppl/rss/events?q=book%20club
Spring Lake District Library,springlake,https://gateway.bibliocommons.com/v2/libraries/springlake/rss/events?q=book%20club
Squamish Public Library,squamish,https://gateway.bibliocommons.com/v2/libraries/squamish/rss/events?q=book%20club
South San Francisco Public Library,ssf,https://gateway.bibliocommons.com/v2/libraries/ssf/rss/events?q=book%20club
St. Albert Public Library,stalbert,https://gateway.bibliocommons.com/v2/libraries/stalbert/rss/events?q=book%20club
Stark Library,starklibrary,https://gateway.bibliocommons.com/v2/libraries/starklibrary/rss/events?q=book%20club
Stavely Municipal Library,stavely,https://gateway.bibliocommons.com/v2/libraries/stavely/rss/events?q=book%20club
St. Charles District Library,stc,https://gateway.bibliocommons.com/v2/libraries/stc/rss/events?q=book%20club
Theodore Brandley Municipal Library,stirling,https://gateway.bibliocommons.com/v2/libraries/stirling/rss/events?q=book%20club
St. Marys Public Library,stmarys,https://gateway.bibliocommons.com/v2/libraries/stmarys/rss/events?q=book%20club
St. Marys Public Library,stmarys-kids-2012,https://gateway.bibliocommons.com/v2/libraries/stmarys-kids-2012/rss/events?q=book%20club
St. Tammany Parish Library,stpl,https://gateway.bibliocommons.com/v2/libraries/stpl/rss/events?q=book%20club
St. Tammany Parish Library,stpl-parent,https://gateway.bibliocommons.com/v2/libraries/stpl-parent/rss/events?q=book%20club
Kids' Catalog | St. Tammany Parish Library,stplkids,https://gateway.bibliocommons.com/v2/libraries/stplkids/rss/events?q=book%20club
St. Thomas Public Library,stthomas,https://gateway.bibliocommons.com/v2/libraries/stthomas/rss/events?q=book%20club
Sunnyvale Public Library,sunnyvale,https://gateway.bibliocommons.com/v2/libraries/sunnyvale/rss/events?q=book%20club
Surrey Libraries,surrey,https://gateway.bibliocommons.com/v2/libraries/surrey/rss/events?q=book%20club
Taber Public Library,taber,https://gateway.bibliocommons.com/v2/libraries/taber/rss/events?q=book%20club
Tacoma Public Library,tacoma,https://gateway.bibliocommons.com/v2/libraries/tacoma/rss/events?q=book%20club
Tacoma Public Library,tacoma-adults-2016,https://gateway.bibliocommons.com/v2/libraries/tacoma-adults-2016/rss/events?q=book%20club
Tacoma Public Library,tacoma-kids-2016,https://gateway.bibliocommons.com/v2/libraries/tacoma-kids-2016/rss/events?q=book%20club
Tacoma Public Library,tacoma-teens-2016,https://gateway.bibliocommons.com/v2/libraries/tacoma-teens-2016/rss/events?q=book%20club
Tahquamenon Area School-Public Library,tahq,https://gateway.bibliocommons.com/v2/libraries/tahq/rss/events?q=book%20club
Tamarack District Library,tamarack,https://gateway.bibliocommons.com/v2/libraries/tamarack/rss/events?q=book%20club
Thunder Bay Public Library,tbaypl,https://gateway.bibliocommons.com/v2/libraries/tbaypl/rss/events?q=book%20club
Tulsa City-County Library,tccl,https://gateway.bibliocommons.com/v2/libraries/tccl/rss/events?q=book%20club
Tulsa City-County Library,tccl-summer-2014,https://gateway.bibliocommons.com/v2/libraries/tccl-summer-2014/rss/events?q=book%20club
Timothy C. Hauenstein Reynolds Township Library,tchreynolds,https://gateway.bibliocommons.com/v2/libraries/tchreynolds/rss/events?q=book%20club
Thornapple Kellogg School & Community Library,thornapplekellogg,https://gateway.bibliocommons.com/v2/libraries/thornapplekellogg/rss/events?q=book%20club
Timberland Regional Library,timberland,https://gateway.bibliocommons.com/v2/libraries/timberland/rss/events?q=book%20club
Sitka Library,tnrd,https://gateway.bibliocommons.com/v2/libraries/tnrd/rss/events?q=book%20club
Toledo Library,toledo,https://gateway.bibliocommons.com/v2/libraries/toledo/rss/events?q=book%20club
Toronto Public Library,tpl,https://gateway.bibliocommons.com/v2/libraries/tpl/rss/events?q=book%20club
Trail & District Public Library,traillibrary,https://gateway.bibliocommons.com/v2/libraries/traillibrary/rss/events?q=book%20club
Trail and District Library,traillibrary-old,https://gateway.bibliocommons.com/v2/libraries/traillibrary-old/rss/events?q=book%20club
Trent Hills Public Library,trenthills,https://gateway.bibliocommons.com/v2/libraries/trenthills/rss/events?q=book%20club
Troy-Miami County Public Library,troy-miami,https://gateway.bibliocommons.com/v2/libraries/troy-miami/rss/events?q=book%20club
Topeka & Shawnee County Public Library,tscpl,https://gateway.bibliocommons.com/v2/libraries/tscpl/rss/events?q=book%20club
Topeka & Shawnee County Public Library,tscpl-adults-2016,https://gateway.bibliocommons.com/v2/libraries/tscpl-adults-2016/rss/events?q=book%20club
Topeka & Shawnee County Public Library,tscpl-kids-2016,https://gateway.bibliocommons.com/v2/libraries/tscpl-kids-2016/rss/events?q=book%20club
Topeka & Shawnee County Public Library,tscpl-teens-2016,https://gateway.bibliocommons.com/v2/libraries/tscpl-teens-2016/rss/events?q=book%20club
Tulsa City-County Library,tulsa-adults-2015,https://gateway.bibliocommons.com/v2/libraries/tulsa-adults-2015/rss/events?q=book%20club
Tulsa City-County Library,tulsa-kids-2015,https://gateway.bibliocommons.com/v2/libraries/tulsa-kids-2015/rss/events?q=book%20club
Tulsa City-County Library,tulsa-teens-2015,https://gateway.bibliocommons.com/v2/libraries/tulsa-teens-2015/rss/events?q=book%20club
Department Of Education,unioncatalogdoe,https://gateway.bibliocommons.com/v2/libraries/unioncatalogdoe/rss/events?q=book%20club
Vaughan Public Libraries,vaughanpl,https://gateway.bibliocommons.com/v2/libraries/vaughanpl/rss/events?q=book%20club
Vauxhall Public Library,vauxhall,https://gateway.bibliocommons.com/v2/libraries/vauxhall/rss/events?q=book%20club
Valley Library Consortium,vlc,https://gateway.bibliocommons.com/v2/libraries/vlc/rss/events?q=book%20club
VLC PARENT,vlc-parent,https://gateway.bibliocommons.com/v2/libraries/vlc-parent/rss/events?q=book%20club
Vancouver Public Library,vpl,https://gateway.bibliocommons.com/v2/libraries/vpl/rss/events?q=book%20club
Vulcan Library,vulcan,https://gateway.bibliocommons.com/v2/libraries/vulcan/rss/events?q=book%20club
Warner Memorial Library,warner,https://gateway.bibliocommons.com/v2/libraries/warner/rss/events?q=book%20club
West Branch District Library,wbr,https://gateway.bibliocommons.com/v2/libraries/wbr/rss/events?q=book%20club
Wood Buffalo Regional Library,wbrl,https://gateway.bibliocommons.com/v2/libraries/wbrl/rss/events?q=book%20club
Washington County Cooperative Library Services,wccls,https://gateway.bibliocommons.com/v2/libraries/wccls/rss/events?q=book%20club
Whatcom County Library System,wcls,https://gateway.bibliocommons.com/v2/libraries/wcls/rss/events?q=book%20club
Whatcom County Library System,wcls-adults-2014,https://gateway.bibliocommons.com/v2/libraries/wcls-adults-2014/rss/events?q=book%20club
Bellingham Public Library,wcls-bpl-summer-2015,https://gateway.bibliocommons.com/v2/libraries/wcls-bpl-summer-2015/rss/events?q=book%20club
Whatcom County Library System,wcls-kids-2014,https://gateway.bibliocommons.com/v2/libraries/wcls-kids-2014/rss/events?q=book%20club
Whatcom County Library System,wcls-parent,https://gateway.bibliocommons.com/v2/libraries/wcls-parent/rss/events?q=book%20club
Whatcom County Library System,wcls-teens-2014,https://gateway.bibliocommons.com/v2/libraries/wcls-teens-2014/rss/events?q=book%20club
Warren County Public Library,wcpl,https://gateway.bibliocommons.com/v2/libraries/wcpl/rss/events?q=book%20club
Wellington County Library,wellington,https://gateway.bibliocommons.com/v2/libraries/wellington/rss/events?q=book%20club
Westerville Public Library,westervillelibrary,https://gateway.bibliocommons.com/v2/libraries/westervillelibrary/rss/events?q=book%20club
West Vancouver Memorial Library,westvanlibrary,https://gateway.bibliocommons.com/v2/libraries/westvanlibrary/rss/events?q=book%20club
West Vancouver Memorial Library,westvanlibrary-kids-2016,https://gateway.bibliocommons.com/v2/libraries/westvanlibrary-kids-2016/rss/events?q=book%20club
Whistler Public Library,whistler,https://gateway.bibliocommons.com/v2/libraries/whistler/rss/events?q=book%20club
White Cloud Community Library,whitecloud,https://gateway.bibliocommons.com/v2/libraries/whitecloud/rss/events?q=book%20club
White Lake Community Library,whitelake,https://gateway.bibliocommons.com/v2/libraries/whitelake/rss/events?q=book%20club
Woodstock Public Library,woodstock,https://gateway.bibliocommons.com/v2/libraries/woodstock/rss/events?q=book%20club
West Perth Public Library,wppl,https://gateway.bibliocommons.com/v2/libraries/wppl/rss/events?q=book%20club
Wrentham Public Library,wrentham,https://gateway.bibliocommons.com/v2/libraries/wrentham/rss/events?q=book%20club
Stouffville Library,wsplibrary,https://gateway.bibliocommons.com/v2/libraries/wsplibrary/rss/events?q=book%20club
Yorba Linda Public Library,ylpl,https://gateway.bibliocommons.com/v2/libraries/ylpl/rss/events?q=book%20club
Richmond Public Library,yourlibrary,https://gateway.bibliocommons.com/v2/libraries/yourlibrary/rss/events?q=book%20club
Yarra Plenty Regional Library,yprl,https://gateway.bibliocommons.com/v2/libraries/yprl/rss/events?q=book%20club
Yuma County Library,yumalibrary,https://gateway.bibliocommons.com/v2/libraries/yumalibrary/rss/events?q=book%20club
